{
    "CAD_BTC": 0.00002308,
    "BTC_CAD": 43312.41,
    "CAD_ETH": 0.000374682804352117,
    "ETH_CAD": 2668.92,
    "USD_BTC": 0.00002878,
    "BTC_USD": 34738.31,
    "USD_ETH": 0.000467162014122307,
    "ETH_USD": 2140.58,
    "BTC_ETH": 16.22849724115547,
    "ETH_BTC": 0.06162,
    "CAD_USD": 0.8,
    "USD_CAD": 1.24
}